-- phpMyAdmin SQL Dump
-- version 5.1.0
-- https://www.phpmyadmin.net/
--
-- Εξυπηρετητής: localhost:3306
-- Χρόνος δημιουργίας: 06 Ιουν 2021 στις 22:32:35
-- Έκδοση διακομιστή: 10.2.38-MariaDB
-- Έκδοση PHP: 7.4.16

SET SQL_MODE = "NO_AUTO_VALUE_ON_ZERO";
START TRANSACTION;
SET time_zone = "+00:00";


/*!40101 SET @OLD_CHARACTER_SET_CLIENT=@@CHARACTER_SET_CLIENT */;
/*!40101 SET @OLD_CHARACTER_SET_RESULTS=@@CHARACTER_SET_RESULTS */;
/*!40101 SET @OLD_COLLATION_CONNECTION=@@COLLATION_CONNECTION */;
/*!40101 SET NAMES utf8mb4 */;

--
-- Βάση δεδομένων: `personal_database`
--

-- --------------------------------------------------------

--
-- Δομή πίνακα για τον πίνακα `Eisitirio`
--

CREATE TABLE `Eisitirio` (
  `id` int(11) NOT NULL,
  `timi` float NOT NULL,
  `typos` varchar(255) NOT NULL,
  `zoni` varchar(1) NOT NULL
) ENGINE=InnoDB DEFAULT CHARSET=utf8;

--
-- Άδειασμα δεδομένων του πίνακα `Eisitirio`
--

INSERT INTO `Eisitirio` (`id`, `timi`, `typos`, `zoni`) VALUES
(1, 1.1, 'kanoniko', 'A'),
(2, 0.6, 'meiomeno', 'A'),
(3, 1.5, 'kanoniko', 'B'),
(4, 0.8, 'meiomeno', 'B'),
(5, 2, 'epivarimeno', 'A'),
(6, 2, 'epivarimeno', 'B');

-- --------------------------------------------------------

--
-- Δομή πίνακα για τον πίνακα `ExeiEisitirio`
--

CREATE TABLE `ExeiEisitirio` (
  `eisitirioID` int(11) NOT NULL,
  `xristisID` int(11) NOT NULL,
  `posotita` int(11) NOT NULL
) ENGINE=InnoDB DEFAULT CHARSET=utf8;

-- --------------------------------------------------------

--
-- Δομή πίνακα για τον πίνακα `ExeiMiniaia`
--

CREATE TABLE `ExeiMiniaia` (
  `miniaiaID` int(11) NOT NULL,
  `xristisID` int(11) NOT NULL,
  `imerominiaEnarksis` date NOT NULL
) ENGINE=InnoDB DEFAULT CHARSET=utf8;

-- --------------------------------------------------------

--
-- Δομή πίνακα για τον πίνακα `Grammi`
--

CREATE TABLE `Grammi` (
  `id` int(11) NOT NULL,
  `onoma` varchar(255) NOT NULL
) ENGINE=InnoDB DEFAULT CHARSET=utf8;

--
-- Άδειασμα δεδομένων του πίνακα `Grammi`
--

INSERT INTO `Grammi` (`id`, `onoma`) VALUES
(101, 'Εγλυκάδα'),
(102, 'Διάκου (Λυκοχώρος)'),
(103, 'Ρωμανού - Ελεκίστρα'),
(104, 'Τερψιθέα'),
(111, 'Parking - Τερψιθέα'),
(118, 'Λιμάνι - Port'),
(201, 'Τ.Ε.Ι. - Ταραμπούρα'),
(202, 'Ν. Δρόμος - Συχαινά'),
(301, 'Ζαρουχλέικα'),
(302, 'Λεύκα'),
(303, 'Θερμοπυλών'),
(401, 'Αρόη'),
(402, 'Κέντρο'),
(501, 'Τσουκαλέικα - Μονοδένδρι'),
(502, 'Μιντιλόγλι'),
(503, 'Μονοδένδρι Κέντρο, Κέντρο'),
(505, 'Βραχνέικα - Μονοδένδρι'),
(601, 'Πανεπιστήμιο - Νοσοκομείο'),
(602, 'Express Πανεπιστήμιο - Νοσοκομείο'),
(604, 'Πανεπιστήμιο - Νοσοκομείο - Ρίο'),
(605, 'Πανεπιστήμιο - Άγ. Βασίλειος - Ρίο'),
(606, 'Προάστιο - Καστελλόκαμπος - Porto Rio'),
(607, 'Βούντενη - Μπάλα'),
(608, 'Άνω Καστρίτσι'),
(609, 'Κέντρο'),
(610, 'Express Κέντρο'),
(701, 'Βέτα Κέντρο, Κόμβος Κέντρο, Μπεγουλάκι Κέντρο'),
(702, 'Σούλι'),
(703, 'Μπεγουλάκι - Σαραβάλι'),
(704, 'Σαραβάλι - Κρήνη'),
(706, 'Μπεγουλάκι - Parking Περιβόλα'),
(707, 'Σούλι - Σαραβάλι'),
(801, 'Άνω Κάτω Οβρυά - Δεμένικα - Προφήτης Ηλίας'),
(803, 'Καλλιθέα, Καλλιθέα - Θέα, Δεμένικα - Καλλιθέα - Θέα'),
(804, 'Δεμένικα - Κέντρο, Κέντρο'),
(901, 'Πανεπιστήμιο - Νοσοκομείο μέσω Έλληνος Στρατιώτου'),
(902, 'Κέντρο μέσω Έλληνος Στρατιώτου');

-- --------------------------------------------------------

--
-- Δομή πίνακα για τον πίνακα `MiniaiaKarta`
--

CREATE TABLE `MiniaiaKarta` (
  `id` int(11) NOT NULL,
  `typos` varchar(255) NOT NULL,
  `timi` float NOT NULL,
  `zoni` varchar(1) NOT NULL
) ENGINE=InnoDB DEFAULT CHARSET=utf8;

--
-- Άδειασμα δεδομένων του πίνακα `MiniaiaKarta`
--

INSERT INTO `MiniaiaKarta` (`id`, `typos`, `timi`, `zoni`) VALUES
(1, 'kanoniko', 55, 'A'),
(2, 'meiomeno', 27.5, 'A'),
(3, 'kanoniko', 72, 'B'),
(4, 'meiomeno', 37.5, 'B');

-- --------------------------------------------------------

--
-- Δομή πίνακα για τον πίνακα `Nea`
--

CREATE TABLE `Nea` (
  `id` int(11) NOT NULL,
  `titlos` varchar(255) NOT NULL,
  `imerominia` date NOT NULL DEFAULT current_timestamp(),
  `keimeno` text NOT NULL
) ENGINE=InnoDB DEFAULT CHARSET=utf8;

--
-- Άδειασμα δεδομένων του πίνακα `Nea`
--

INSERT INTO `Nea` (`id`, `titlos`, `imerominia`, `keimeno`) VALUES
(1, 'Ανανέωση δρομολογίων', '2020-10-16', '<p>Λόγω της αύξησης των κρουσμάτων της πανδημίας στη χώρας μας και σε συνέχεια των οδηγιών προστασίας των επιβατών μας αλλάζουμε τα δρομολόγια των γραμμών μας. Οι αλλαγές ξεκινάνε από <strong>Δευτέρα 19</strong> του μήνα και θα ισχύσουν μέχρι νεότερη ανακοίνωση. Περισσότερες πληροφορίες μπορείτε να βρείτε στα <a href=\"/route\">ενημερωμένα δρομολόγιά</a> μας στο παρακάτω.</p>'),
(2, 'Μένουμε ασφαλείς', '2020-09-19', '<p>Η νέα κανονικότητα και οι προφυλάξεις που λαμβάνουμε στη καθημερινότητά μας χρειάζεται να εφαρμοστεί και στα μέσα μεταφοράς που επιλέγουμε. Για να παραμείνουμε όλοι ασφαλείς στις μετακινήσεις μας, παρακαλούμε όλους τους επιβάτες να ακολουθούν τα μέτρα προστασίας όχι μόνο για το προσωπικό όφελος αλλά για το καλό όλων των επιβατών. <strong>Φοράμε υποχρεωτικά μάσκα</strong> και <strong>τηρούμε την απαραίτητη απόσταση</strong> στις στάσεις και στις θέσεις των λεωφορείων. <strong>Αποφεύγουμε τις μη υποχρεωτικές μετακινήσεις μας</strong> καθώς και τις μετακινήσεις σε περίπτωση που παρουσιάζουμε συμπτώματα ίωσης Παρακαλούμε να κυκλοφορείτε με υπευθυνότητα, σας ευχαριστούμε για την κατανόησή σας.</p>'),
(3, 'Έκδοση μηνιαίας κάρτας', '2020-08-29', '<p>Για το μήνα Σεπτέμβρη η έκδοση μηνιαίας κάρτας ξεκινάει όπως κάθε μήνα από τη πρώτη του μέρα και ισχύει έως το τέλος του. Αναλυτικές πληροφορίες σχετικά με τις τιμές και τα προϊόντα μας μπορείτε να βρείτε στα <a href=\"/tickets\">εισιτήρια</a>.</p>');

-- --------------------------------------------------------

--
-- Δομή πίνακα για τον πίνακα `Pernaei`
--

CREATE TABLE `Pernaei` (
  `grammiID` int(11) NOT NULL,
  `stasiID` int(11) NOT NULL,
  `seira` int(11) NOT NULL,
  `ora` text DEFAULT NULL,
  `imera` varchar(255) DEFAULT NULL
) ENGINE=InnoDB DEFAULT CHARSET=utf8;

--
-- Άδειασμα δεδομένων του πίνακα `Pernaei`
--

INSERT INTO `Pernaei` (`grammiID`, `stasiID`, `seira`, `ora`, `imera`) VALUES
(101, 1, 44, NULL, NULL),
(101, 2, 43, NULL, NULL),
(101, 3, 42, NULL, NULL),
(101, 4, 41, NULL, NULL),
(101, 5, 40, NULL, NULL),
(101, 6, 39, NULL, NULL),
(101, 7, 38, NULL, NULL),
(101, 8, 37, NULL, NULL),
(101, 9, 36, NULL, NULL),
(101, 10, 35, NULL, NULL),
(101, 11, 34, NULL, NULL),
(101, 12, 33, NULL, NULL),
(101, 13, 32, NULL, NULL),
(101, 14, 31, NULL, NULL),
(101, 15, 30, NULL, NULL),
(101, 16, 29, NULL, NULL),
(101, 17, 28, NULL, NULL),
(101, 18, 27, NULL, NULL),
(101, 19, 26, NULL, NULL),
(101, 20, 25, NULL, NULL),
(101, 21, 24, NULL, NULL),
(101, 22, 22, NULL, NULL),
(101, 23, 21, NULL, NULL),
(101, 24, 20, NULL, NULL),
(101, 25, 19, NULL, NULL),
(101, 26, 18, NULL, NULL),
(101, 27, 17, NULL, NULL),
(101, 28, 16, NULL, NULL),
(101, 29, 15, NULL, NULL),
(101, 30, 14, NULL, NULL),
(101, 31, 13, NULL, NULL),
(101, 32, 12, NULL, NULL),
(101, 33, 11, NULL, NULL),
(101, 34, 10, NULL, NULL),
(101, 35, 9, NULL, NULL),
(101, 36, 8, NULL, NULL),
(101, 37, 7, NULL, NULL),
(101, 38, 6, NULL, NULL),
(101, 39, 5, NULL, NULL),
(101, 40, 4, NULL, NULL),
(101, 41, 3, NULL, NULL),
(101, 42, 2, NULL, NULL),
(101, 43, 1, '6:20,6:30,6:50,7:10,7:20,7:30,7:40,7:50,8:00,8:15,8:30,8:45,9:00,9:15,9:30,9:45,10:00,10:15,10:30,10:45,11:00,11:15,11:30,11:45,12:00,12:15,12:30,12:45,13:00,13:15,13:30,13:45,14:00,14:12,14:24,14:36,14:50,15:10,15:30,15:50,16:10,16:30,16:50,17:10,17:30,17:50,18:10,18:30,18:50,19:10,19:30,19:50,20:10,20:30,20:50,21:10,21:30,21:50,22:10,22:40/6:30,7:00,8:00,9:00,10:00,11:00,12:00,13:00,14:00,15:00,17:00,19:00,21:00/11:00,12:30,14:00,15:30,17:00,18:30', 'ΔΤΤΠΠ___/_____Σ__/______Κ_'),
(101, 44, 43, NULL, NULL),
(101, 45, 23, NULL, NULL),
(102, 15, 30, NULL, NULL),
(102, 16, 29, NULL, NULL),
(102, 17, 28, NULL, NULL),
(102, 18, 27, NULL, NULL),
(102, 19, 26, NULL, NULL),
(102, 20, 25, NULL, NULL),
(102, 21, 24, NULL, NULL),
(102, 22, 22, NULL, NULL),
(102, 23, 21, NULL, NULL),
(102, 24, 20, NULL, NULL),
(102, 25, 19, NULL, NULL),
(102, 26, 18, NULL, NULL),
(102, 27, 17, NULL, NULL),
(102, 28, 16, NULL, NULL),
(102, 29, 15, NULL, NULL),
(102, 30, 14, NULL, NULL),
(102, 31, 13, NULL, NULL),
(102, 32, 12, NULL, NULL),
(102, 33, 11, NULL, NULL),
(102, 34, 10, NULL, NULL),
(102, 35, 9, NULL, NULL),
(102, 36, 8, NULL, NULL),
(102, 37, 7, NULL, NULL),
(102, 38, 6, NULL, NULL),
(102, 39, 5, NULL, NULL),
(102, 40, 4, NULL, NULL),
(102, 41, 3, NULL, NULL),
(102, 42, 2, NULL, NULL),
(102, 43, 1, '6:30,7:10,10:00,13:00,14:00,16:10,21:10', 'ΔΤΤΠΠ___'),
(102, 45, 23, NULL, NULL),
(102, 46, 46, NULL, NULL),
(102, 47, 45, NULL, NULL),
(102, 48, 44, NULL, NULL),
(102, 49, 39, NULL, NULL),
(102, 50, 40, NULL, NULL),
(102, 51, 41, NULL, NULL),
(102, 52, 42, NULL, NULL),
(102, 53, 43, NULL, NULL),
(102, 54, 38, NULL, NULL),
(102, 55, 37, NULL, NULL),
(102, 56, 36, NULL, NULL),
(102, 57, 35, NULL, NULL),
(102, 58, 34, NULL, NULL),
(102, 59, 33, NULL, NULL),
(102, 60, 32, NULL, NULL),
(102, 61, 31, NULL, NULL),
(102, 243, 43, NULL, NULL),
(103, 15, 30, NULL, NULL),
(103, 16, 29, NULL, NULL),
(103, 17, 28, NULL, NULL),
(103, 18, 27, NULL, NULL),
(103, 19, 26, NULL, NULL),
(103, 20, 25, NULL, NULL),
(103, 21, 24, NULL, NULL),
(103, 22, 22, NULL, NULL),
(103, 23, 21, NULL, NULL),
(103, 24, 20, NULL, NULL),
(103, 25, 19, NULL, NULL),
(103, 26, 18, NULL, NULL),
(103, 27, 17, NULL, NULL),
(103, 28, 16, NULL, NULL),
(103, 29, 15, NULL, NULL),
(103, 30, 14, NULL, NULL),
(103, 31, 13, NULL, NULL),
(103, 32, 12, NULL, NULL),
(103, 33, 11, NULL, NULL),
(103, 34, 10, NULL, NULL),
(103, 35, 9, NULL, NULL),
(103, 36, 8, NULL, NULL),
(103, 37, 7, NULL, NULL),
(103, 38, 6, NULL, NULL),
(103, 39, 5, NULL, NULL),
(103, 40, 4, NULL, NULL),
(103, 41, 3, NULL, NULL),
(103, 42, 2, NULL, NULL),
(103, 43, 1, '14:30', 'ΔΤΤΠΠ___'),
(103, 45, 23, NULL, NULL),
(103, 56, 36, NULL, NULL),
(103, 57, 35, NULL, NULL),
(103, 58, 34, NULL, NULL),
(103, 59, 33, NULL, NULL),
(103, 60, 32, NULL, NULL),
(103, 61, 31, NULL, NULL),
(103, 62, 47, NULL, NULL),
(103, 63, 46, NULL, NULL),
(103, 64, 45, NULL, NULL),
(103, 65, 44, NULL, NULL),
(103, 66, 43, NULL, NULL),
(103, 67, 42, NULL, NULL),
(103, 68, 41, NULL, NULL),
(103, 69, 40, NULL, NULL),
(103, 70, 39, NULL, NULL),
(103, 71, 38, NULL, NULL),
(103, 72, 37, NULL, NULL),
(104, 1, 1, '6:20,6:40,7:00,7:05,7:15,7:30,7:50,8:00,8:12,8:24,8:36,8:44,8:59,9:14,9:29,9:44,9:59,10:14,10:30,10:45,11:00,11:15,11:30,11:45,12:00,12:15,12:30,12:45,13:00,13:15,13:30,13:45,14:00,14:15,14:30,14:50,15:10,15:30,15:50,16:10,16:30,16:55,17:15,17:35,17:55,18:15,18:35,18:55,19:15,19:35,19:55,20:15,20:35,20:55,21:15,21:40,22:00,22:40/6:30,7:05,7:35,8:35,9:35,10:35,11:35,12:35,13:35,14:35,15:35,17:35,19:35,20:00/10:05,11:35,13:05,14:35,16:05,17:35', 'ΔΤΤΠΠ___/_____Σ__/______Κ_'),
(104, 43, 34, NULL, NULL),
(104, 73, 33, NULL, NULL),
(104, 74, 32, NULL, NULL),
(104, 75, 31, NULL, NULL),
(104, 76, 30, NULL, NULL),
(104, 77, 29, NULL, NULL),
(104, 78, 28, NULL, NULL),
(104, 79, 27, NULL, NULL),
(104, 80, 26, NULL, NULL),
(104, 81, 25, NULL, NULL),
(104, 82, 24, NULL, NULL),
(104, 83, 23, NULL, NULL),
(104, 84, 22, NULL, NULL),
(104, 85, 21, NULL, NULL),
(104, 86, 20, NULL, NULL),
(104, 87, 19, NULL, NULL),
(104, 88, 18, NULL, NULL),
(104, 89, 17, NULL, NULL),
(104, 90, 16, NULL, NULL),
(104, 91, 15, NULL, NULL),
(104, 92, 14, NULL, NULL),
(104, 93, 13, NULL, NULL),
(104, 94, 12, NULL, NULL),
(104, 95, 11, NULL, NULL),
(104, 96, 10, NULL, NULL),
(104, 97, 9, NULL, NULL),
(104, 98, 8, NULL, NULL),
(104, 104, 7, NULL, NULL),
(104, 105, 6, NULL, NULL),
(104, 106, 5, NULL, NULL),
(104, 107, 4, NULL, NULL),
(104, 108, 3, NULL, NULL),
(104, 109, 2, NULL, NULL),
(601, 124, 1, '5:35,7:40,8:30,8:45,9:05,9:25,9:45,10:05,10:25,10:45,11:05,11:25,11:45,12:05,12:25,12:45,13:05,13:25,13:45,14:05,14:25,14:45,15:05,15:25,15:45,16:05,16:35,17:05,17:35,18:05,18:35,19:05,19:35,20:05,21:10/6:30,8:05,9:05,10:05,11:05,12:05,13:05,14:05,15:05,16:05,18:05,20:05,22:10,22:40/6:30,10:05,11:35,13:05,14:10,16:05,18:05,22:10', 'ΔΤΤΠΠ___/_____Σ__/______ΚΑ'),
(601, 125, 2, NULL, NULL),
(601, 126, 3, NULL, NULL),
(601, 127, 4, NULL, NULL),
(601, 128, 5, NULL, NULL),
(601, 129, 6, NULL, NULL),
(601, 130, 7, NULL, NULL),
(601, 131, 8, NULL, NULL),
(601, 132, 9, NULL, NULL),
(601, 133, 10, NULL, NULL),
(601, 134, 11, NULL, NULL),
(601, 135, 12, NULL, NULL),
(601, 136, 13, NULL, NULL),
(601, 137, 14, NULL, NULL),
(601, 138, 15, NULL, NULL),
(601, 139, 16, NULL, NULL),
(601, 140, 17, NULL, NULL),
(601, 141, 18, NULL, NULL),
(601, 142, 19, NULL, NULL),
(601, 143, 20, NULL, NULL),
(601, 144, 21, NULL, NULL),
(601, 145, 22, NULL, NULL),
(601, 146, 23, NULL, NULL),
(601, 147, 24, NULL, NULL),
(601, 148, 25, NULL, NULL),
(601, 149, 26, NULL, NULL),
(601, 150, 27, NULL, NULL),
(601, 151, 28, NULL, NULL),
(601, 152, 29, NULL, NULL),
(601, 153, 30, NULL, NULL),
(601, 154, 31, NULL, NULL),
(601, 155, 32, NULL, NULL),
(604, 155, 1, '6:0,8:10,22:10,22:40/5:35', 'ΔΤΤΠΠ___/_____Σ__'),
(604, 155, 18, NULL, NULL),
(604, 156, 17, NULL, NULL),
(604, 157, 16, NULL, NULL),
(604, 158, 15, NULL, NULL),
(604, 159, 14, NULL, NULL),
(604, 160, 13, NULL, NULL),
(604, 161, 12, NULL, NULL),
(604, 162, 11, NULL, NULL),
(604, 163, 10, NULL, NULL),
(604, 164, 9, NULL, NULL),
(604, 165, 8, NULL, NULL),
(604, 166, 7, NULL, NULL),
(604, 167, 6, NULL, NULL),
(604, 168, 5, NULL, NULL),
(604, 169, 4, NULL, NULL),
(604, 170, 3, NULL, NULL),
(604, 171, 2, NULL, NULL),
(609, 151, 5, NULL, NULL),
(609, 152, 4, NULL, NULL),
(609, 153, 3, NULL, NULL),
(609, 154, 2, NULL, NULL),
(609, 155, 1, '6:05,7:15,7:40,7:45,8:15,8:35,8:55,9:15,9:35,9:55,10:15,10:35,10:55,11:15,11:35,11:55,12:15,12:35,12:55,13:15,13:35,13:55,14:15,14:35,14:55,15:15,15:35,16:05,16:35,17:05,17:35,18:05,18:35,19:05,19:35,20:05,20:35,21:40,22:10,22:40,23:15/6:00,7:15,8:35,9:35,10:35,11:35,12:35,13:35,14:35,15:15,15:35,16:35,22:40,23:15/7:15,10:35,12:05,13:35,15:15,16:35,18:35,23:15', 'ΔΤΤΠΠ___/_____Σ__/______ΚΑ');

-- --------------------------------------------------------

--
-- Δομή πίνακα για τον πίνακα `Stasi`
--

CREATE TABLE `Stasi` (
  `id` int(11) NOT NULL,
  `onoma` varchar(255) NOT NULL,
  `geografikiThesi` varchar(255) NOT NULL,
  `zoni` varchar(1) NOT NULL,
  `dieuthinsi` varchar(255) DEFAULT NULL
) ENGINE=InnoDB DEFAULT CHARSET=utf8;

--
-- Άδειασμα δεδομένων του πίνακα `Stasi`
--

INSERT INTO `Stasi` (`id`, `onoma`, `geografikiThesi`, `zoni`, `dieuthinsi`) VALUES
(1, 'Νεκροταφείο Εγλυκάδας', '38.22587878275217, 21.766065434060568', 'A', 'Ηρακλέους 70, Πάτρα 263 31'),
(2, 'Λοχαγού Φωτόπουλου', '38.22573357958587, 21.76329674913165', 'A', 'Λοχαγού Αγγελου Φωτόπουλου 23-17, Πάτρα 263 31'),
(3, 'Σικελιανού', '38.225546374971444, 21.759593595491527', 'A', 'Πέλοπος 305, Πάτρα 263 35'),
(4, 'Χάραμα', '38.225720162835, 21.75817460734369', 'A', 'Κων/νου Καβάφη, Πάτρα 263 35'),
(5, 'Πέλοπος', '38.22555269253861, 21.759699546197133', 'A', 'Πέλοπος 305, Πάτρα 263 35'),
(6, '41ο Δημοτικό Σχολείο Πατρών', '38.22588343872759, 21.76202471005243', 'A', 'Μαραθωνομάχων 41-31, Πάτρα 263 35'),
(7, 'Άγιος Ανδρέας Εγλυκάδας', '38.22689018943331, 21.761893361193792', 'A', 'Πλατεία Αγίου Ανδρέα, Μαραθωνομάχων 21-1, Πάτρα 263 35'),
(8, 'Λεωνίδου', '38.227795289464225, 21.762017292474972', 'A', 'Μαραθωνομάχων 21-1, Πάτρα 263 35'),
(9, 'Λυσάνδρου', '38.22949979866605, 21.760882919128775', 'A', 'Εγλυκάδος 219-215, Πάτρα 263 35'),
(10, 'Σάντο', '38.23076223230637, 21.758115974400962', 'A', 'Εγλυκάδος 169, Πάτρα 263 35'),
(11, 'Κλεάρχου', '38.232323861672306, 21.75683034437515', 'A', 'Εγλυκάδος 134-142, Πάτρα 263 35'),
(12, 'Παρασκευοπούλου', '38.23371220394695, 21.75462422581869', 'A', 'Εγλυκάδος 100-110, Πάτρα 263 35'),
(13, 'Πάρκο', '38.235406970304005, 21.752478528259967', 'A', 'Εγλυκάδος 66-70, Πάτρα 263 35'),
(14, 'Εγλυκάδος', '38.237523326673774, 21.75126245256848', 'A', 'Εγλυκάδος 10-18, Πάτρα 263 35'),
(15, 'Γ\' Νεκροταφείο Πατρών', '38.23882682380389, 21.749647225115293', 'A', '12ου Συντάγματος 71-65, Πάτρα 263 31'),
(16, '12ου Συντάγματος', '38.23957376162536, 21.747921498883105', 'A', '12ου Συντάγματος 20-42, Πάτρα 263 31'),
(17, 'Πλατεία Ταμπάχανα', '38.24023549784929, 21.745792718024525', 'A', 'Μεσάτιδος 2-18, Πάτρα 263 31'),
(18, '3ου Ορειβατικού', '38.239161487152664, 21.745156427696667', 'A', '3ου Ορειβατικού 26, Πάτρα 263 31'),
(19, 'Γραίτζα Παλαιολόγου', '38.238967819136505, 21.74365718847402', 'A', 'Γραιτζα Παλαιολόγου 1, Πάτρα 263 31'),
(20, 'Άγιος Δημήτριος', '38.23996408185044, 21.74147987625565', 'A', 'Δημ. Γούναρη 189-175, Πάτρα 262 26'),
(21, 'Ομόνοια', '38.24095022869266, 21.738984569794738', 'A', 'Πλ. Παπαδιαμαντοπούλου, Πάτρα 262 24'),
(22, 'ΟΤΕ', '38.24326309035528, 21.73368552282104', 'A', 'Δημ. Γούναρη 38-44, Πάτρα 262 22'),
(23, 'Δημαρχείο Πάτρας', '38.24506975550209, 21.732956321549945', 'A', 'Μαιζώνος 110, Πάτρα 262 21'),
(24, 'Πλατεία Γεωργίου', '38.24658284880159, 21.734398774833505', 'A', 'Πλ. Γεωρ. Α 2, Πάτρα 262 21'),
(25, 'Αγίου Νικολάου', '38.248062870525345, 21.736819569839025', 'A', 'Μαιζώνος 52-64, Πάτρα 262 21'),
(26, 'Παλαιό Μουσείο', '38.249360350464, 21.738481296160348', 'A', 'Μαιζώνος 55-53, Πάτρα 262 21'),
(27, 'Παλιό Αρσάκειο', '38.25067220530509, 21.740162180403146', 'A', 'Μαιζώνος 25, Πάτρα 262 23'),
(28, 'Μουρούζη', '38.25225023776855, 21.74020653911425', 'A', 'Μουρούζη 16-18, Πάτρα 262 23'),
(29, 'Νόρμαν', '38.25346285809625, 21.740175187665514', 'A', 'Μουρούζη 40-42, Πάτρα 262 23'),
(30, 'Πλατεία Αγίας Λαύρας - ΙΚΑ', '38.25522248072462, 21.740654571427022', 'A', 'Έλληνος Στρατιώτου 13, Πάτρα 262 23'),
(31, 'Αγίας Σοφίας', '38.25694091983914, 21.741392499213088', 'A', 'Έλληνος Στρατιώτου 27, Πάτρα 262 23'),
(32, 'ΕΛΤΑ', '38.258701221850465, 21.742074936945688', 'A', 'Έλληνος Στρατιώτου 52-66, Πάτρα 264 41'),
(33, 'Λευκωσίας', '38.2601524416457, 21.742670421592543', 'A', 'Έλληνος Στρατιώτου 86-94, Πάτρα 264 41'),
(34, 'Γήπεδο Παναχαϊκής', '38.26174206228729, 21.743424665296192', 'A', 'Πάτρα, 264 41'),
(35, 'Νοταρά & Αμερικής', '38.263914865387356, 21.744773433366415', 'A', 'Νοταρά 13, Πάτρα 264 42'),
(36, 'Ανθοπωλείο', '38.265938116505545, 21.74668024886542', 'A', 'Νοταρά 77, Πάτρα 264 42'),
(37, 'Πινδάρου', '38.267209564095324, 21.74806285470753', 'A', 'Νοταρά 109-97, Πάτρα 264 42'),
(38, 'Νοταρά & Χορτάτζη', '38.26825484010122, 21.748816871310172', 'A', 'Νοταρά 139-129, Πάτρα 264 42'),
(39, 'Άγιος Κωνσταντίνος', '38.26935723852401, 21.74718595788181', 'A', 'Αγίου Κωνσταντίνου 81-77, Πάτρα 264 42'),
(40, 'Αγυιά (Γραμμές)', '38.2704561878279, 21.745351676157995', 'A', 'Αγίου Κωνσταντίνου 67-63, Πάτρα 264 42'),
(41, 'Ματθαίου', '38.27138079211742, 21.743912504823353', 'A', 'Αγίου Κωνσταντίνου 40, Πάτρα 264 42'),
(42, 'Ρομάντζα', '38.272279562087085, 21.742331461779344', 'A', 'Αγίου Κωνσταντίνου 15-1, Πάτρα 264 42'),
(43, 'Αφετηρία Ρομάντζα', '38.27302575157722, 21.74337931129104', 'A', 'FRODI.GR - Κέντρο Ξένων Γλωσσών, Αχελώου, Κων/νου Καραμανλή και, Πάτρα 264 42'),
(44, 'Μαραθωνομάχων', '38.22577586665042, 21.76212825058109', 'A', 'Λοχαγού Αγγελου Φωτόπουλου 9-1, Πάτρα 263 31'),
(45, 'Ψηλά Αλώνια', '38.242137306164075, 21.73587290717136', 'A', 'Δημ. Γούναρη 64-84, Πάτρα 262 24'),
(46, 'Τέρμα Διάκου', '38.238974287779754, 21.7633368417822', 'A', 'Πάτρα, 263 31'),
(47, 'Μέριμνα', '38.237921171782894, 21.764990347557912', 'A', 'Λυκοχόρου, Πάτρα 263 31'),
(48, 'Μονή Γηροκομείου', '38.23642290075483, 21.76591044227357', 'A', 'Λυκοχόρου 13, Πάτρα 263 31'),
(49, 'Λυκόχωρος 1', '38.23540453637932, 21.76832288963889', 'A', 'Λυκοχόρου 19-17, Πάτρα 263 31'),
(50, 'Λυκόχωρος 2', '38.23554556116243, 21.770020686022324', 'A', 'Πάτρα, 263 31'),
(51, 'Λυκόχωρος - Πηγή', '38.234661684523466, 21.77190135270694', 'A', 'Λυκοχόρου 50, Πάτρα 263 31'),
(52, 'Λυκόχωρος - Adams', '38.23364279385049, 21.774189277721693', 'A', 'Λυκοχόρου 75, Πάτρα 263 31'),
(53, 'Τέρμα Λυκόχωρος', '38.233919519978315, 21.77631161041821', 'B', 'Λυκοχόρου, Πάτρα'),
(54, 'Νοσημάτων Θώρακος', '38.23492456619532, 21.766820110456532', 'A', 'Γηροκομείου, Πάτρα 263 31'),
(55, 'Στροφές', '38.23446113607126, 21.763718798331855', 'A', 'Γηροκομείου 110-112, Πάτρα 263 31'),
(56, 'Παπάκου', '38.23527259305928, 21.76230209957311', 'A', 'Αινεσιδήμου, Πάτρα 263 31'),
(57, 'Οδός Γηροκομείου', '38.2357195189633, 21.76064411201362', 'A', 'Πάτρα, 263 31'),
(58, 'Προφήτης Ηλίας', '38.23633727154605, 21.759040966813732', 'A', 'Coffe Brands, Γηροκομείου, Πάτρα 263 31'),
(59, '409 Στρατιωτικό Νοσοκομείο', '38.23770553384938, 21.755457493143027', 'A', 'Μαραγκοπούλου, Πάτρα 263 31'),
(60, 'Δούρος', '38.238420617756034, 21.75451859490606', 'A', 'Μαραγκοπούλου 90, Πάτρα 263 31'),
(61, 'Σύνορα - ΚΕΤΧ', '38.23827430560899, 21.751477515561714', 'A', 'Μαραγκοπούλου 72, Πάτρα 263 31'),
(62, 'Ελεκίστρα', '38.2159916397965, 21.801408824042632', 'B', 'Ελικίστρα, 265 00'),
(63, 'Ρωμανού', '38.228872729264, 21.791110251224744', 'B', 'Αγίου Δημητρίου, Ρωμανός 265 00'),
(64, 'Ρωμανού 2', '38.22912522447628, 21.787906875988824', 'B', 'Αγίου Δημητρίου, Ρωμανός 265 00'),
(65, 'Ζωοδόχου Πηγής', '38.22862703311925, 21.78400898700137', 'B', 'Αγίου Δημητρίου, Ρωμανός 265 00'),
(66, 'Απόλαυση', '38.22793956658219, 21.780736418290147', 'B', 'Αγίου Δημητρίου, Ρωμανός 265 00'),
(67, 'Περιμετρική', '38.22799778232246, 21.776607071089654', 'B', 'Αγίου Δημητρίου, Πάτρα'),
(68, 'Αγία Ειρήνη', '38.22732998481449, 21.77476040089687', 'B', 'Αγίας Ειρήνης 116, Πάτρα 263 31'),
(69, 'Στροφή Τζόλλα', '38.22776125324101, 21.774121270348815', 'A', 'Ι. Δαμασκηνού 108, Πάτρα 263 31'),
(70, 'Τζόλλας', '38.22881606890083, 21.771294736796012', 'A', 'Ι. Δαμασκηνού 115-93, Πάτρα 263 31'),
(71, 'Στροφή Εγλυκάδας', '38.232331572990354, 21.76415058913773', 'A', 'Ι. Δαμασκηνού 37, Πάτρα 263 31'),
(72, '46ο Δημ. Σχολείο Πατρών', '38.23375521019415, 21.76293289095282', 'A', 'Ι. Δαμασκηνού, Πάτρα 263 31'),
(73, 'Ματθαίου', '38.27137929071935, 21.743825704172373', 'A', 'Αγίου Κωνσταντίνου 40, Πάτρα 264 42'),
(74, 'Αγυιά (Γραμμές)', '38.27052253243759, 21.745314352255747', 'A', 'Αγίου Κωνσταντίνου 67-63, Πάτρα 264 42'),
(75, 'Άγιος Κωνσταντίνος', '38.26936068427462, 21.747185389285818', 'A', 'Αγίου Κωνσταντίνου 81-77, Πάτρα 264 42'),
(76, 'Νοταρά', '38.26847161335999, 21.74887387103601', 'A', 'Νοταρά 139-129, Πάτρα 264 42'),
(77, 'Πινδάρου', '38.267249449767284, 21.74811193930682', 'A', 'Νοταρά 109-97, Πάτρα 264 42'),
(78, 'Πολυνείκους', '38.2659212691304, 21.746680248361333', 'A', 'Νοταρά 77, Πάτρα 264 42'),
(79, 'Πεύκο', '38.26430642361802, 21.74519467154123', 'A', 'Νοταρά 30-32, Πάτρα 264 42'),
(80, 'Γήπεδο Παναχαϊκής', '38.261759986886766, 21.743463064767905', 'A', 'Πάτρα, 264 41'),
(81, 'Λευκωσίας', '38.260150593778796, 21.742685277854864', 'A', 'Έλληνος Στρατιώτου 86-94, Πάτρα 264 41'),
(82, 'ΕΛΤΑ', '38.25905166060883, 21.74222176277352', 'A', 'Έλληνος Στρατιώτου 69-61, Πάτρα 264 41'),
(83, 'Αγίας Σοφίας', '38.25738965964242, 21.741542231598693', 'A', 'Έλληνος Στρατιώτου 37-29, Πάτρα 264 41'),
(84, 'Πλατεία Αγίας Λαύρας - ΙΚΑ', '38.25550584226203, 21.74065687211194', 'A', 'Φαρμακειο Ματθαιου, Έλληνος Στρατιώτου και Γιαννιτσών, Πάτρα 262 23'),
(85, 'Αγ. Διονύσιος', '38.254037265583136, 21.738550836288653', 'A', 'Αγίου Διονυσίου 36-38, Πάτρα 262 23'),
(86, 'Υπεραστικό ΚΤΕΛ Αχαΐας', '38.25122208302481, 21.737598537973277', 'A', 'Αγίου Διονυσίου 23-1, Πάτρα 262 23'),
(87, 'Αγ. Ανδρέου & Κολοκοτρώνη', '38.24952186857409, 21.735788736103043', 'A', 'Αγίου Ανδρέου 57-49, Πάτρα 262 21'),
(88, 'Γεροκωστοπούλου', '38.247522807231796, 21.7333508897175', 'A', 'Αγίου Ανδρέου 72-80, Πάτρα 262 21'),
(89, 'Αγ. Ανδρέου & Φιλοποίμενος', '38.24618754654061, 21.731551215197086', 'A', 'Αγίου Ανδρέου 139-137, Πάτρα 262 21'),
(90, 'ΟΤΕ', '38.24329265783136, 21.733702183330504', 'A', 'Δημ. Γούναρη 38-44, Πάτρα 262 22'),
(91, 'Ψηλά Αλώνια', '38.24222083573849, 21.735686667477935', 'A', 'Δημ. Γούναρη 85-63, Πάτρα 262 24'),
(92, 'Ομόνοια', '38.24100163687631, 21.738888358490446', 'A', 'Πλ. Παπαδιαμαντοπούλου, Πάτρα 262 24'),
(93, 'Άγιος Δημήτριος', '38.23996677217565, 21.741466999895554', 'A', 'Δημ. Γούναρη 189-175, Πάτρα 262 26'),
(94, 'Πλατεία Μαρούδα', '38.238645873349824, 21.744053250261743', 'A', 'Δημ. Γούναρη 229-209, Πάτρα 262 26'),
(95, 'Πλατεία Ταμπάχανα', '38.240082067974114, 21.745266131945062', 'A', 'Πλ. Φιλικών, Πάτρα 263 31'),
(96, '12ου Συντάγματος', '38.23956390089891, 21.747984938271863', 'A', '12ου Συντάγματος 20-42, Πάτρα 263 31'),
(97, 'Γ\' Νεκροταφείο Πατρών', '38.238846983275515, 21.749644593499006', 'A', '12ου Συντάγματος 71-65, Πάτρα 263 31'),
(98, 'Σύνορα', '38.23839999436798, 21.750621167913906', 'A', '12ου Συντάγματος 93-79, Πάτρα 263 31'),
(99, 'Σύνορα - ΚΕΤΧ', '38.23826953498522, 21.75149326751734', 'A', 'Μαραγκοπούλου 72, Πάτρα 263 31'),
(100, 'Δούρος', '38.23832744629754, 21.754662921307037', 'A', 'Μαραγκοπούλου, Πάτρα 263 31'),
(101, '409 Στρατιωτικό Νοσοκομείο', '38.23770658915777, 21.755405362499783', 'A', 'Μαραγκοπούλου, Πάτρα 263 31'),
(102, 'Ερυθρού Σταυρού', '38.23762276570064, 21.757617736664546', 'A', 'Ερυθρού Σταύρου 2, Πάτρα 263 31'),
(103, 'Καραμανδάνειο Νοσοκομείο', '38.23783930752594, 21.76074750091405', 'A', 'Ερυθρού Σταύρου 51-43, Πάτρα 263 31'),
(104, 'Πάρκο', '38.23540232073505, 21.75249152217914', 'A', 'Εγλυκάδος 66-70, Πάτρα 263 35'),
(105, 'Παρασκευοπούλου', '38.23368210561625, 21.75464310338827', 'A', 'Εγλυκάδος 100-110, Πάτρα 263 35'),
(106, 'Κλεάρχου', '38.232344554320875, 21.756812949213888', 'A', 'Εγλυκάδος 134-142, Πάτρα 263 35'),
(107, 'Σάντο', '38.23078082280489, 21.758103661421902', 'A', 'Εγλυκάδος 169, Πάτρα 263 35'),
(108, 'Λυσάνδρου', '38.22963811699308, 21.760928184021665', 'A', 'Ευρυβιάδου, Πάτρα 263 31'),
(109, 'Λεωνίδου', '38.22797135307851, 21.765442103630278', 'A', 'Ηρακλέους 61, Πάτρα 263 31'),
(110, 'Προφήτης Ηλίας', '38.23635344993888, 21.759035859261118', 'A', 'Coffe Brands, Γηροκομείου, Πάτρα 263 31'),
(111, 'Οδός Γηροκομείου', '38.23573650577044, 21.760641867469904', 'A', 'Πάτρα, 263 31'),
(112, 'Παπάκου', '38.235281694534116, 21.76226186915637', 'A', 'Αινεσιδήμου, Πάτρα 263 31'),
(113, '46ο Δημ. Σχολείο Πατρών', '38.233758594335114, 21.762950878070157', 'A', 'Ι. Δαμασκηνού, Πάτρα 263 31'),
(114, 'Στροφή Εγλυκάδας', '38.23233944606831, 21.764171177994005', 'A', 'Ι. Δαμασκηνού 37, Πάτρα 263 31'),
(115, 'Ιωάννου Δαμασκηνού', '38.231310539427334, 21.766690323654625', 'A', 'Ι. Δαμασκηνού 44-52, Πάτρα 263 31'),
(116, 'Τζόλλας', '38.22883489640977, 21.77130652970694', 'A', 'Ι. Δαμασκηνού 115-93, Πάτρα 263 31'),
(117, 'Στροφή Τζόλλα', '38.227761190496906, 21.774142458608274', 'A', 'Ι. Δαμασκηνού 108, Πάτρα 263 31'),
(118, 'Αγία Ειρήνη', '38.22733723918923, 21.774754803181917', 'B', 'Αγίας Ειρήνης 116, Πάτρα 263 31'),
(119, 'Περιμετρική', '38.227988580461904, 21.77662116290729', 'B', 'Αγίου Δημητρίου, Πάτρα'),
(120, 'Απόλαυση', '38.227945694905664, 21.780761978040214', 'B', 'Αγίου Δημητρίου, Ρωμανός 265 00'),
(121, 'Ζωοδόχου Πηγής', '38.228636026853806, 21.783994005456112', 'B', 'Αγίου Δημητρίου, Ρωμανός 265 00'),
(122, 'Άγιος Δημήτριος', '38.2291678365649, 21.787944463739812', 'B', 'Αγίου Δημητρίου, Ρωμανός 265 00'),
(123, 'Ρωμανού', '38.228869192480765, 21.791157472965835', 'B', 'Αγίου Δημητρίου, Ρωμανός 265 00'),
(124, 'Ερμού', '38.24675267603254, 21.736022431018128', 'A', 'Ερμού 63-53, Πάτρα 262 21'),
(125, 'Αγίου Νικολάου', '38.247628523441044, 21.737502398277375', 'A', 'Κορίνθου 210, Πάτρα 262 21'),
(126, 'Ζαΐμη', '38.249005200200635, 21.73923131064628', 'A', 'Κορίνθου 172-180, Πάτρα 262 21'),
(127, 'Παλιό Αρσάκειο', '38.250192021691625, 21.740776337289425', 'A', 'Κορίνθου 144, Πάτρα 262 23'),
(128, 'Πλατεία Πυροσβεστείου', '38.251493285464456, 21.742449407261248', 'A', 'Πλ. Κωνσταντινου, Πάτρα 262 23'),
(129, 'Φαβιέρου', '38.25301906342131, 21.744015077579235', 'A', 'Κορίνθου 72-84, Πάτρα 262 23'),
(130, 'Μαράτου', '38.25526737135258, 21.74589511235053', 'A', 'Κορίνθου 31-23, Πάτρα 262 23'),
(131, 'Κουρτέση', '38.25704473187881, 21.748009730447592', 'A', 'Πανεπιστημίου 24-34, Πάτρα 264 41'),
(132, 'Φίλιππα', '38.25878805412415, 21.750622733632827', 'A', 'Πανεπιστημίου 108-122, Πάτρα 264 41'),
(133, 'Α\' Νεκροταφείο', '38.26075624130473, 21.75206546953359', 'A', 'ΠΑΛΟΥΚΟΣ ΚΥΡΙΑΚΟΣ, ΕΟ8, Πάτρα 264 43'),
(134, 'Ανθούπολη', '38.261338916085336, 21.753482963440177', 'A', 'Πανεπιστημίου 136-138, Πάτρα 264 43'),
(135, 'ΟΓΑ', '38.2646529063613, 21.754793105049853', 'A', 'Πανεπιστημίου 172-188, Πάτρα 264 43'),
(136, 'Αρέθα (προς Πανεπιστήμιο)', '38.26609754307089, 21.75674010761534', 'A', 'Πάτρα'),
(137, 'Αρέθα', '38.266929147326834, 21.757544623846886', 'A', 'Πρακτορείο ΟΠΑΠ, Πανεπιστημίου 216, Πάτρα 264 43'),
(138, 'Intracom', '38.26948474797803, 21.75826198557432', 'A', 'Πανεπιστημίου 253-247, Πάτρα 264 43'),
(139, 'Κοτρώνι', '38.2709530828078, 21.758712611020165', 'A', 'Πανεπιστημίου 274-276, Πάτρα 264 43'),
(140, 'Μηχανική Καλλιέργεια 1', '38.273073093846996, 21.760049784122554', 'A', 'Πανεπιστημίου 306-308, Πάτρα 264 43'),
(141, 'Μηχανική Καλλιέργεια 2', '38.275136257732214, 21.762536240574363', 'A', 'Πανεπιστημίου 334, Πάτρα 264 43'),
(142, 'Κορυδαλλέως', '38.27685436309201, 21.764612878467776', 'A', 'Πανεπιστημίου 375-369, Πάτρα 264 43'),
(143, 'Ψησταριά', '38.277905440287746, 21.765654837144453', 'A', 'Πανεπιστημίου 38, Πάτρα 264 43'),
(144, 'Βησσαρίωνος', '38.27912057265174, 21.76711711169159', 'A', 'Πανεπιστημίου 406, Πάτρα 264 43'),
(145, 'Προάστιο', '38.280439598559184, 21.76877086661021', 'A', 'Πανεπιστημίου 426-436, Πάτρα 264 43'),
(146, 'Μανδρέκα', '38.282309656807584, 21.771363111374775', 'A', 'Πανεπιστημίου 470-480, Πάτρα 264 43'),
(147, 'Γήπεδο Τόφαλος', '38.28451461811424, 21.772733781835562', 'A', 'Πανεπιστημίου 28, Πάτρα 264 43'),
(148, 'Ποταμός Χάραδρος', '38.286222410102546, 21.774769267910195', 'B', 'Proek. Panepistimiou, Patra 264 43'),
(149, 'Πρυτανεία Πανεπιστημίου Πατρών', '38.28620108176271, 21.78602914056616', 'B', 'Πανεπιστημιούπολη Πατρών, 265 04'),
(150, 'Πολυτεχνείο', '38.287954659737075, 21.786573776038743', 'B', 'Πανεπιστημιούπολη Πατρών, Πάτρα 265 04'),
(151, 'Συνεδριακό Κέντρο', '38.289793739790355, 21.784963741956467', 'B', 'Πανεπιστημιούπολη Πατρών, 265 04'),
(152, 'Φυσικό', '38.291721666331604, 21.786988852829538', 'B', 'Λεωφ. Ιπποκράτους, Πάτρα 265 04'),
(153, 'Γεωλογικό', '38.29361147497322, 21.790341023551942', 'B', 'Λεωφ. Ιπποκράτους, Πάτρα 265 04'),
(154, 'Ιατρική', '38.2944822462241, 21.791897465333335', 'B', 'Λεωφ. Ιπποκράτους, Πάτρα 265 04'),
(155, 'Νοσοκομείο', '38.2964735413399, 21.795105263296357', 'B', 'Λεωφ. Ιπποκράτους, Πάτρα 265 04'),
(156, 'Δημαρχείο Ρίο', '38.29566372282089, 21.791030921785854', 'B', 'Αθηνών 11, Ρίο 265 04'),
(157, 'Άγ. Γεώργιος', '38.29461878207785, 21.78825680537235', 'B', 'Αθηνών 33, Ρίο 265 04'),
(158, 'Σταυροπούλου', '38.29615693733855, 21.788508377720383', 'B', 'Σταυροπούλου 25, Ρίο 265 04'),
(159, 'Κολοκοτρώνη', '38.297371274092605, 21.789668177387846', 'B', 'SINTOS Security Systems, Σώμερσετ 149, Ρίο 265 04'),
(160, 'Σχολεία Ρίο', '38.29910824360189, 21.785593386591028', 'B', 'Σώμερσετ 125-123, Ρίο 265 04'),
(161, 'Σταθμός ΟΣΕ Ρίο', '38.3010457495102, 21.782035116022183', 'B', 'Σώμερσετ 77, Ρίο 265 04'),
(162, 'Κοραή', '38.303125505766005, 21.781991495309185', 'B', 'Σώμερσετ 40, Ρίο 265 04'),
(163, 'Ιωνίας', '38.30422322911974, 21.78247574650889', 'B', 'Σώμερσετ 37-35, Ρίο 265 04'),
(164, 'Σώμερσετ', '38.30778777101186, 21.781158940595365', 'B', 'Σώμερσετ 14, Ρίο 265 04'),
(165, 'Δυτική Προβλήτα', '38.30896625254559, 21.78032746430982', 'B', 'Ποσειδώνος, Ρίο 265 04'),
(166, 'Ανατολική Προβλήτα', '38.30997957545198, 21.784402053371966', 'B', 'Public Toilet, Ρίο 265 04'),
(167, 'Πλάστιγγα', '38.30840842457314, 21.78664895910687', 'B', 'Εγνατίας, Ακταίο 265 04'),
(168, 'Σμύρνης', '38.305735140344964, 21.789486901071065', 'B', 'Εγνατίας, Ακταίο 265 04'),
(169, 'Πεσόντων', '38.30256964575353, 21.792803719734682', 'B', 'ΠΕΣΟΝΤΩΝ 10, Ακταίο 265 04'),
(170, 'Βερναδέικα', '38.30140499257975, 21.793960195853884', 'B', 'Εγνατίας, Ακταίο 265 04'),
(171, 'Αγ. Βαρβάρα', '38.30112619150488, 21.796230670630674', 'B', 'Ακταίο, 265 04'),
(172, 'Χανίων', '38.30483947879735, 21.801962888886905', 'B', 'Αθηνών 12, Πάτρα 265 04'),
(173, 'Καραϊσκάκη', '38.30604606501893, 21.80476075222485', 'B', 'Αθηνών, Πάτρα 265 04'),
(174, 'Πλάτωνος', '38.30796166655833, 21.80924805523087', 'B', 'Λεωφ. Ανδρέα Παπανδρέου, Αγ. Βασίλειος 265 04'),
(175, 'Στάση', '38.31236853662028, 21.808457331737', 'B', 'Γεωρ. Παπανδρέου 33-31, Αγ. Βασίλειος 265 04'),
(176, 'Ελευθερίου Βενιζέλου', '38.314609585475935, 21.806955158444584', 'B', 'Εθ. Αντιστάσεως 72, Αγ. Βασίλειος 265 04'),
(177, 'Αμερικής', '38.31569068193568, 21.81118979732157', 'B', 'Εθ. Αντιστάσεως 57, Αγ. Βασίλειος 265 04'),
(178, 'Εθνικής Αντιστάσεως', '38.31610393924687, 21.81236489316869', 'B', 'Εθ. Αντιστάσεως 39, Αγ. Βασίλειος 265 04'),
(179, 'Ρέζου', '38.316336874913056, 21.815676289061173', 'B', 'Αγίου Βασιλείου 56-58, Αγ. Βασίλειος 265 04'),
(180, 'Γραμμές ΟΣΕ Άγ. Βασίλειος', '38.31459138745006, 21.816395005120512', 'B', 'Μοσχοβού Δημητρίου 125, Αγ. Βασίλειος 265 04'),
(181, 'Άγιος Βασίλειος', '38.313383636619214, 21.81684259785396', 'B', 'Αγίου Βασιλείου 17-9, Αγ. Βασίλειος 265 04'),
(182, 'Στροφή', '38.3119758955813, 21.8169939782138', 'B', 'Λεωφ. Ανδρέα Παπανδρέου 122, Αγ. Βασίλειος 265 04'),
(183, '25ης Μαρτίου', '38.31104295467387, 21.81506468238551', 'B', 'Λεωφ. Ανδρέα Παπανδρέου 142-146, Αγ. Βασίλειος 265 04'),
(184, 'Τσαπαλέικα', '38.31021935589157, 21.813437990984077', 'B', 'Λεωφ. Ανδρέα Παπανδρέου, Αγ. Βασίλειος 265 04'),
(185, 'Παπανδρέου', '38.309309637792495, 21.81158683087643', 'B', 'Λεωφ. Ανδρέα Παπανδρέου, Αγ. Βασίλειος 265 04'),
(186, 'Πλάτωνος', '38.307929186406966, 21.809272592307583', 'B', 'Λεωφ. Ανδρέα Παπανδρέου, Αγ. Βασίλειος 265 04'),
(187, 'Καραϊσκάκη', '38.3059722278981, 21.804830455193095', 'B', 'Αθηνών, Πάτρα 265 04'),
(189, 'Χανίων', '38.304834520428535, 21.801980632667316', 'B', 'Αθηνών 12, Πάτρα 265 04'),
(190, 'Βερναδέικα', '38.30150286768945, 21.797403451757123', 'B', 'Αθηνών, Ακταίο 265 04'),
(191, 'Ιατρική', '38.29459396055774, 21.79173781181639', 'B', 'Λεωφ. Ιπποκράτους, Πάτρα 265 04'),
(192, 'Γεωλογικό', '38.2937050545978, 21.79015988429252', 'B', 'Λεωφ. Ιπποκράτους, Πάτρα 265 04'),
(193, 'Φυσικό', '38.291851255469126, 21.78685205293006', 'B', 'Λεωφ. Ιπποκράτους, Πάτρα 265 04'),
(194, 'Συνεδριακό Κέντρο', '38.28973443463113, 21.784844803277366', 'B', 'Erasmou, Panepistimioupoli Patron 265 04'),
(195, 'Πολυτεχνείο', '38.287903396248325, 21.786444089823732', 'B', 'Erasmou, Panepistimioupoli Patron 265 04'),
(196, 'Πρυτανεία Πανεπιστημίου Πατρών', '38.286157853672194, 21.78597028772991', 'B', 'Πανεπιστημιούπολη Πατρών, 265 04'),
(197, 'ΟΑΕΔ', '38.28971482074881, 21.781977858216667', 'B', 'Πανεπιστημιoυ, Ρίο 265 04'),
(198, 'ΟΑΕΔ (Μπελαβγένη)', '38.29068937113144, 21.78013442557539', 'B', 'Πανεπιστημιoυ, Πάτρα 265 04'),
(199, 'Στροφή Καστελλόκαμπου', '38.28800303150927, 21.775710671165353', 'B', 'Πάτρα, 265 04'),
(200, 'Γήπεδο Τόφαλος', '38.284558287361996, 21.7727437246022', 'A', 'Πανεπιστημίου, Πάτρα 264 43'),
(201, 'Μανδρέκα', '38.28189511458612, 21.770822962757507', 'A', 'Πανεπιστημίου 471, Πάτρα 264 43'),
(202, 'Προάστιο', '38.28043020003982, 21.768749198024043', 'A', 'Πανεπιστημίου 426-436, Πάτρα 264 43'),
(203, 'Πλάτανος', '38.2792461644537, 21.767304847475884', 'A', 'Πανεπιστημίου 408-410, Πάτρα 264 43'),
(204, 'Ψησταριά', '38.277893882173686, 21.76566997203389', 'A', 'Πανεπιστημίου 38, Πάτρα 264 43'),
(205, 'Κορυδαλλέως', '38.276859542822635, 21.76457262802449', 'A', 'Πανεπιστημίου 375-369, Πάτρα 264 43'),
(206, 'Μηχανική Καλλιέργεια 5', '38.275112015660476, 21.76253807930875', 'A', 'Πανεπιστημίου 334, Πάτρα 264 43'),
(207, 'Μηχανική Καλλιέργεια 2', '38.273106961428944, 21.760068968740164', 'A', 'Πανεπιστημίου 306-308, Πάτρα 264 43'),
(208, 'Κοτρώνι', '38.2708316135789, 21.758602983807407', 'A', 'Πανεπιστημίου 277, Πάτρα 264 43'),
(209, 'Άγ. Ελευθέριος', '38.269430215769006, 21.758277778835495', 'A', 'Πανεπιστημίου 253-247, Πάτρα 264 43'),
(210, 'Αρέθα', '38.26691173453288, 21.757541889832495', 'A', 'Πρακτορείο ΟΠΑΠ, Πανεπιστημίου 216, Πάτρα 264 43'),
(211, 'Πανεπιστημίου & Αρέθα', '38.266084271018464, 21.75672931861012', 'A', 'Πάτρα'),
(212, 'Γεωργική Σχολή', '38.26463481585526, 21.754815359702064', 'A', 'Πανεπιστημίου 172-188, Πάτρα 264 43'),
(213, 'Ανθούπολη', '38.261335561813475, 21.75348343698233', 'A', 'Πανεπιστημίου 136-138, Πάτρα 264 43'),
(214, 'Parking Τροχαίας', '38.26124581540855, 21.75097420189302', 'A', 'Αμερικής 92, Πάτρα 264 43'),
(215, 'Οικονομική Περιφέρεια Αθηνών Πατρών', '38.26153647820071, 21.74975769920936', 'A', 'Famous Shoes (εμπορικό ΑΒ), Αθηνών-Πατρών &, Αμερικής 2, Πάτρα 264 43'),
(216, 'Πάροδος Θερμοπυλών', '38.258467979162624, 21.747938719002747', 'A', 'Ν.Ε.Ο. Πατρών - Αθηνών, Πάτρα 264 41'),
(217, 'Αγ. Σοφίας', '38.25614255486945, 21.745361755404126', 'A', 'Αγίας Σοφίας 73-65, Πάτρα 264 41'),
(218, 'Κωνσταντινουπόλεως', '38.255719035049445, 21.742917074316292', 'A', 'Κωνσταντινουπόλεως 28-30, Πάτρα 262 23'),
(219, 'Φαβιέρου', '38.25400693328177, 21.742204767696', 'A', 'Κωνσταντινουπόλεως 61-51, Πάτρα 262 23'),
(220, 'Νόρμαν', '38.252822369018176, 21.74167336203062', 'A', 'Κωνσταντινουπόλεως 74, Πάτρα 262 23'),
(221, 'Αφετηρία Express', '38.23635708585865, 21.727931490772338', 'A', 'Κορίνθου 388-396, Πάτρα 262 22'),
(222, 'Σμύρνης', '38.23894896039344, 21.728397367524643', 'A', 'Κορίνθου 451-435, Πάτρα 262 22'),
(223, 'Παπαφλέσσα & Κορίνθου', '38.24134066935578, 21.729425260260495', 'A', 'Mezedopoleio, Κορίνθου 391, Πάτρα 262 22'),
(224, 'Κορίνθου & Μιαούλη', '38.24327097840122, 21.7318804223612', 'A', 'Κορίνθου 349-339, Πάτρα 262 22'),
(225, 'Βότση', '38.244833004450705, 21.73394279263833', 'A', 'Κορίνθου 309-305, Πάτρα 262 21'),
(226, 'Πλατεία Γεωργίου', '38.24588805845989, 21.735737748708445', 'A', 'Πλ. Γεωρ. Α 29-23, Πάτρα 262 21'),
(227, 'Νέο Αρχαιολογικό Μουσείο', '38.26370494027844, 21.75183458198361', 'A', 'Ν.Ε.Ο. Πατρών - Αθηνών, Πάτρα 264 43'),
(228, 'Αρέθα (Miele)', '38.268174616830976, 21.755176965992295', 'A', 'Ν.Ε.Ο. Πατρών - Αθηνών, Πάτρα 264 43'),
(229, 'Αρέθα', '38.26819430732014, 21.755044563073763', 'A', 'Ν.Ε.Ο. Πατρών - Αθηνών, Πάτρα 264 42'),
(230, 'Νέο Αρχαιολογικό Μουσείο', '38.264718179756315, 21.75239672595608', 'A', 'Ν.Ε.Ο. Πατρών - Αθηνών 39, Πάτρα 264 42'),
(231, 'Δικαστήρια', '38.24402443896555, 21.731619649256057', 'A', 'Μαιζώνος 126-132, Πάτρα 262 22'),
(232, 'Τριών Ναυάρχων', '38.24278143099237, 21.72991162103456', 'A', 'Τριών Ναυάρχων, Πάτρα 262 22'),
(233, 'Μαιζώνος & Παπαφλέσσα', '38.240632937396164, 21.727799154870922', 'A', 'Μαιζώνος 247-229, Πάτρα 262 22'),
(234, 'Όθ. Αμαλίας & Καρόλου', '38.252650850763565, 21.736787658276715', 'A', 'Λεωφ. Όθωνος-Αμαλίας, Πάτρα 262 23'),
(235, 'Καζαντζάκη', '38.26928309558849, 21.75031958210785', 'A', 'Νοταρά 147-145, Πάτρα 264 42'),
(236, 'Αρέθα', '38.27032992254356, 21.752082121860905', 'A', 'Νοταρά 137-133, Πάτρα 264 42'),
(239, 'Εμμανουήλ Ροΐδη', '38.272704267333836, 21.754625687167593', 'A', 'Ελευθέρα Αποστολική Εκκλησία Πεντηκοστής, Ισόγειο, Αυστραλίας 100, Πάτρα 264 42'),
(240, 'Αρέθα', '38.27022708785544, 21.751937455750994', 'A', 'Νοταρά 137-133, Πάτρα 264 42'),
(241, 'Καζαντζάκη', '38.26928351838914, 21.750249119182147', 'A', 'Νοταρά 147-145, Πάτρα 264 42'),
(242, 'Όθ. Αμαλίας & Καρόλου', '38.252617594198554, 21.736765437635228', 'A', 'Λεωφ. Όθωνος-Αμαλίας 10-4, Πάτρα 262 23'),
(243, 'Στροφή Λυκόχωρου', '38.23576963996188, 21.76631822810895', 'A', 'Γηροκομείου, Πάτρα 263 31');

-- --------------------------------------------------------

--
-- Δομή πίνακα για τον πίνακα `Xristis`
--

CREATE TABLE `Xristis` (
  `id` int(11) NOT NULL,
  `onoma` varchar(255) NOT NULL,
  `eponymo` varchar(255) NOT NULL,
  `email` varchar(255) NOT NULL,
  `katastasi` int(11) DEFAULT NULL,
  `imerominiaEggrafis` date NOT NULL,
  `ArithmosKartas` int(11) DEFAULT NULL,
  `imerominiaEkdosis` date DEFAULT NULL,
  `imerominiaLiksis` date DEFAULT NULL
) ENGINE=InnoDB DEFAULT CHARSET=utf8;

-- --------------------------------------------------------

--
-- Δομή πίνακα για τον πίνακα `Zoni`
--

CREATE TABLE `Zoni` (
  `id` varchar(1) NOT NULL
) ENGINE=InnoDB DEFAULT CHARSET=utf8;

--
-- Άδειασμα δεδομένων του πίνακα `Zoni`
--

INSERT INTO `Zoni` (`id`) VALUES
('A'),
('B');

--
-- Ευρετήρια για άχρηστους πίνακες
--

--
-- Ευρετήρια για πίνακα `Eisitirio`
--
ALTER TABLE `Eisitirio`
  ADD PRIMARY KEY (`id`),
  ADD KEY `Eisitirio_fk0` (`zoni`);

--
-- Ευρετήρια για πίνακα `ExeiEisitirio`
--
ALTER TABLE `ExeiEisitirio`
  ADD PRIMARY KEY (`eisitirioID`,`xristisID`),
  ADD KEY `ExeiEisitirio_fk1` (`xristisID`);

--
-- Ευρετήρια για πίνακα `ExeiMiniaia`
--
ALTER TABLE `ExeiMiniaia`
  ADD PRIMARY KEY (`miniaiaID`,`xristisID`),
  ADD KEY `ExeiMiniaia_fk1` (`xristisID`);

--
-- Ευρετήρια για πίνακα `Grammi`
--
ALTER TABLE `Grammi`
  ADD PRIMARY KEY (`id`);

--
-- Ευρετήρια για πίνακα `MiniaiaKarta`
--
ALTER TABLE `MiniaiaKarta`
  ADD PRIMARY KEY (`id`),
  ADD KEY `MiniaiaKarta_fk0` (`zoni`);

--
-- Ευρετήρια για πίνακα `Nea`
--
ALTER TABLE `Nea`
  ADD PRIMARY KEY (`id`);

--
-- Ευρετήρια για πίνακα `Pernaei`
--
ALTER TABLE `Pernaei`
  ADD PRIMARY KEY (`grammiID`,`stasiID`,`seira`),
  ADD KEY `Pernaei_fk1` (`stasiID`);

--
-- Ευρετήρια για πίνακα `Stasi`
--
ALTER TABLE `Stasi`
  ADD PRIMARY KEY (`id`),
  ADD KEY `Stasi_fk0` (`zoni`);

--
-- Ευρετήρια για πίνακα `Xristis`
--
ALTER TABLE `Xristis`
  ADD PRIMARY KEY (`id`),
  ADD UNIQUE KEY `email` (`email`);

--
-- Ευρετήρια για πίνακα `Zoni`
--
ALTER TABLE `Zoni`
  ADD PRIMARY KEY (`id`);

--
-- AUTO_INCREMENT για άχρηστους πίνακες
--

--
-- AUTO_INCREMENT για πίνακα `Eisitirio`
--
ALTER TABLE `Eisitirio`
  MODIFY `id` int(11) NOT NULL AUTO_INCREMENT, AUTO_INCREMENT=7;

--
-- AUTO_INCREMENT για πίνακα `Grammi`
--
ALTER TABLE `Grammi`
  MODIFY `id` int(11) NOT NULL AUTO_INCREMENT, AUTO_INCREMENT=903;

--
-- AUTO_INCREMENT για πίνακα `MiniaiaKarta`
--
ALTER TABLE `MiniaiaKarta`
  MODIFY `id` int(11) NOT NULL AUTO_INCREMENT, AUTO_INCREMENT=5;

--
-- AUTO_INCREMENT για πίνακα `Stasi`
--
ALTER TABLE `Stasi`
  MODIFY `id` int(11) NOT NULL AUTO_INCREMENT, AUTO_INCREMENT=244;

--
-- AUTO_INCREMENT για πίνακα `Xristis`
--
ALTER TABLE `Xristis`
  MODIFY `id` int(11) NOT NULL AUTO_INCREMENT;

--
-- Περιορισμοί για άχρηστους πίνακες
--

--
-- Περιορισμοί για πίνακα `Eisitirio`
--
ALTER TABLE `Eisitirio`
  ADD CONSTRAINT `Eisitirio_fk0` FOREIGN KEY (`zoni`) REFERENCES `Zoni` (`id`);

--
-- Περιορισμοί για πίνακα `ExeiEisitirio`
--
ALTER TABLE `ExeiEisitirio`
  ADD CONSTRAINT `ExeiEisitirio_fk0` FOREIGN KEY (`eisitirioID`) REFERENCES `Eisitirio` (`id`),
  ADD CONSTRAINT `ExeiEisitirio_fk1` FOREIGN KEY (`xristisID`) REFERENCES `Xristis` (`id`);

--
-- Περιορισμοί για πίνακα `ExeiMiniaia`
--
ALTER TABLE `ExeiMiniaia`
  ADD CONSTRAINT `ExeiMiniaia_fk0` FOREIGN KEY (`miniaiaID`) REFERENCES `MiniaiaKarta` (`id`),
  ADD CONSTRAINT `ExeiMiniaia_fk1` FOREIGN KEY (`xristisID`) REFERENCES `Xristis` (`id`);

--
-- Περιορισμοί για πίνακα `MiniaiaKarta`
--
ALTER TABLE `MiniaiaKarta`
  ADD CONSTRAINT `MiniaiaKarta_fk0` FOREIGN KEY (`zoni`) REFERENCES `Zoni` (`id`);

--
-- Περιορισμοί για πίνακα `Pernaei`
--
ALTER TABLE `Pernaei`
  ADD CONSTRAINT `Pernaei_fk0` FOREIGN KEY (`grammiID`) REFERENCES `Grammi` (`id`),
  ADD CONSTRAINT `Pernaei_fk1` FOREIGN KEY (`stasiID`) REFERENCES `Stasi` (`id`);

--
-- Περιορισμοί για πίνακα `Stasi`
--
ALTER TABLE `Stasi`
  ADD CONSTRAINT `Stasi_fk0` FOREIGN KEY (`zoni`) REFERENCES `Zoni` (`id`);
COMMIT;

/*!40101 SET CHARACTER_SET_CLIENT=@OLD_CHARACTER_SET_CLIENT */;
/*!40101 SET CHARACTER_SET_RESULTS=@OLD_CHARACTER_SET_RESULTS */;
/*!40101 SET COLLATION_CONNECTION=@OLD_COLLATION_CONNECTION */;
